,ARREST_DATE,LAW_CODE,AGE_GROUP,PERP_SEX,PERP_RACE,Latitude,Longitude,Zipcode
363285,08/21/2018,PL 1202000,<18,M,BLACK,40.83959223200003,-73.92632964799998,10452
112334,08/02/2017,PL 1401500,18-24,M,BLACK,40.757068060000044,-73.99910267299998,10018
351363,09/08/2018,PL 1552500,18-24,M,WHITE HISPANIC,40.729082038000044,-73.98878770099995,10003
108328,08/07/2017,LOC000000V,18-24,F,BLACK,40.690367239000075,-73.98973896399998,11201
345794,09/17/2018,PL 1553005,<18,M,BLACK HISPANIC,40.814852894000076,-73.95631335299998,10027
316074,11/04/2018,PL 1600500,18-24,M,BLACK,40.71567057300007,-73.98394174399994,10002
118624,07/25/2017,PL 1702500,25-44,M,BLACK HISPANIC,40.79512178500005,-73.94515921299995,10029
435880,05/04/2018,PL 1450001,25-44,M,WHITE,40.58132575900004,-73.975953142,11224
381240,07/25/2018,PL 1950500,45-64,F,WHITE,40.76230220600007,-73.97445831899995,10019
437257,05/02/2018,VTL119202X,25-44,M,WHITE,40.72134465200002,-73.87387582899999,11379
141029,06/25/2017,PL 2200300,25-44,M,BLACK,40.74016077500005,-73.97657424399995,10016
522579,01/09/2018,PL 2200300,25-44,F,WHITE,40.56405077000005,-74.18727065099996,10312
139623,06/27/2017,PL 1601503,25-44,M,WHITE HISPANIC,40.810398494000026,-73.92489531099994,10454
341738,09/23/2018,PL 2601001,25-44,M,WHITE,40.63036654500007,-73.97371261299999,11230
294405,12/10/2018,PL 1552500,45-64,F,BLACK HISPANIC,40.81060389800007,-73.94331855899995,10037
218969,03/21/2017,PL 2200300,25-44,M,WHITE,40.58509537700007,-74.15593184399995,10314
289226,12/19/2018,PL 2200300,25-44,M,WHITE HISPANIC,40.74082451100002,-73.97426085799998,10016
295492,12/08/2018,PL 1654501,45-64,F,BLACK,40.78874407400008,-73.97053356999999,10024
357667,08/29/2018,PL 1252501,25-44,M,WHITE HISPANIC,40.86940749200004,-73.87999831299999,10467
452784,04/11/2018,PL 1553001,25-44,F,WHITE,40.645022746000045,-74.077216847,10301
1094,12/29/2017,PL 1450502,45-64,M,BLACK,40.66702483500006,-73.93129282599993,11213
88170,09/03/2017,PL 1553008,18-24,M,WHITE HISPANIC,40.75284305900004,-73.88392588999993,11372
141163,06/25/2017,VTL0511003,25-44,M,BLACK HISPANIC,40.82346581100006,-73.92443614599993,10451
101773,08/15/2017,PL 2211001,25-44,M,BLACK,40.69145835300003,-73.79791433399998,11433
21149,11/29/2017,PL 2200602,25-44,M,WHITE,40.70513304900004,-73.79340412999993,11433
403965,06/21/2018,PL 1553004,25-44,M,WHITE,40.73388303300004,-74.00542831099993,10014
87186,09/05/2017,LOC00000UM,25-44,M,BLACK,40.689027417000034,-73.98615855199995,11201
219116,03/20/2017,PL 1600500,25-44,M,BLACK,40.60806266200007,-73.76039786799998,11691
194462,04/19/2017,PL 2200300,45-64,M,BLACK,40.67446433300007,-74.00587050099993,11231
503682,02/01/2018,PL 1200001,25-44,F,BLACK,40.67141166300007,-73.88151172399995,11208
357268,08/30/2018,PL 1350500,45-64,M,ASIAN / PACIFIC ISLANDER,40.72477402000004,-73.95135756699995,11222
104028,08/12/2017,ABC0065000,25-44,M,WHITE HISPANIC,40.78868184600003,-73.97429652799997,10024
163458,05/27/2017,PL 2201601,25-44,M,BLACK,40.687991707000045,-73.96778719899999,11205
207333,04/04/2017,PL 215510B,25-44,M,WHITE HISPANIC,40.59596336300007,-73.77107818399995,11691
329639,10/13/2018,PL 1601001,45-64,M,WHITE HISPANIC,40.68239935200006,-73.87661755899995,11208
503797,02/01/2018,PL 1553004,<18,M,BLACK,40.63049545100006,-74.13790192099998,10302
288193,12/21/2018,PL 120001H,45-64,M,BLACK,40.75092782300004,-73.99253038399995,10001
98782,08/19/2017,CPL5700600,25-44,M,BLACK,40.67998073800004,-73.77623390699993,11434
415737,06/03/2018,VTL0511001,65+,M,AMERICAN INDIAN/ALASKAN NATIVE,40.64139129100005,-73.96939874199995,11218
52503,10/19/2017,PL 2200300,45-64,M,BLACK,40.71994332500003,-73.97875308399993,10009
268103,01/20/2017,PL 1200001,25-44,M,BLACK,40.623226819000074,-74.14922697299994,10314
201630,04/10/2017,PL 2200300,25-44,F,WHITE,40.64472094400003,-74.07703271999998,10301
472267,03/14/2018,PL 1200001,<18,M,BLACK,40.580403286000035,-73.83153598499997,11694
502278,02/02/2018,PL 1200001,25-44,M,WHITE HISPANIC,40.74978011300004,-73.98778087399995,
57024,10/13/2017,PL 2155100,25-44,M,BLACK,40.59504356100007,-73.78514244499998,11692
184482,05/01/2017,VTL11920U2,25-44,M,ASIAN / PACIFIC ISLANDER,40.756327687000066,-73.83367908799994,11355
520743,01/11/2018,PL 2402005,25-44,F,WHITE,40.71333568700004,-74.00699936499996,10007
282705,01/03/2017,PL 12005A3,25-44,M,WHITE HISPANIC,40.661628430000064,-73.72872469499998,11422
78743,09/15/2017,PL 2155003,25-44,M,BLACK,40.69438807200004,-73.98719600899994,11201
481360,03/02/2018,VTL0511001,45-64,M,WHITE HISPANIC,40.80630458400003,-73.93601832499998,10035
488645,02/20/2018,PL 215510B,25-44,M,BLACK,40.67162189800007,-73.81087286699994,11420
195174,04/18/2017,PL 1651503,45-64,F,WHITE HISPANIC,40.82404000400004,-73.94475961199998,10031
486145,02/23/2018,PL 2211001,18-24,M,WHITE HISPANIC,40.701822135000036,-73.80887571499993,11435
224321,03/13/2017,AC 010125B,25-44,M,BLACK,40.656923240000026,-73.93964677899999,11203
164632,05/25/2017,PL 1554001,18-24,F,WHITE HISPANIC,40.71634415200003,-74.00125319299997,10013
13617,12/09/2017,PL 1450502,25-44,M,ASIAN / PACIFIC ISLANDER,40.67944765700002,-73.86823338199997,11208
248770,02/12/2017,PL 140100E,25-44,F,WHITE HISPANIC,40.82639692600002,-73.90220376499997,10456
349918,09/11/2018,PL 2200300,18-24,M,WHITE,40.77101375900003,-73.78493575899995,11361
45823,10/27/2017,PL 1450500,25-44,M,WHITE,40.76639814400005,-73.93971363999998,11106
472543,03/14/2018,PL 1552500,25-44,M,WHITE,40.73686899300003,-73.98970654599998,10003
272737,01/14/2017,PL 2201601,25-44,M,BLACK HISPANIC,40.82854306600007,-73.91583043799993,10456
217069,03/23/2017,PL 1552500,25-44,M,WHITE HISPANIC,40.823499964000064,-73.85861898699994,10473
186398,04/29/2017,PL 1651503,25-44,M,BLACK,40.81077276700007,-73.95259158999993,10027
180749,05/05/2017,PL 2300000,18-24,F,BLACK,40.82511016600006,-73.89055658299998,10459
436616,05/03/2018,PL 1651503,45-64,M,BLACK,40.57809893800004,-73.98175369499995,11224
326997,10/17/2018,TAX181400A,25-44,M,ASIAN / PACIFIC ISLANDER,40.53752155600006,-74.15031277899999,10308
39631,11/04/2017,PL 2211001,25-44,M,BLACK,40.68699051700002,-73.75970320699997,11412
60264,10/10/2017,PL 1552500,<18,M,BLACK,40.689154133000045,-73.99070552199998,11201
15712,12/06/2017,PL 1701501,25-44,M,BLACK,40.66096989500005,-73.93136754499993,11203
437678,05/02/2018,PL 2300400,25-44,M,BLACK,40.67385854500003,-73.90022835899998,11207
108084,08/08/2017,PL 1204501,25-44,M,WHITE HISPANIC,40.756594678000056,-73.87560301799994,11372
199923,04/12/2017,PL 1450502,18-24,M,BLACK,40.70062192900008,-73.78364810799998,11433
358734,08/28/2018,PL 1402000,25-44,M,BLACK,40.66420738500005,-73.88775313199994,11207
132004,07/07/2017,PL 1201401,25-44,M,WHITE,40.58761610900007,-73.98920028899995,11214
260607,01/28/2017,VTL11920U3,25-44,M,WHITE,40.88416016600007,-73.82606491199994,10475
393954,07/07/2018,VTL11920U2,45-64,M,BLACK,40.86947047700004,-73.87986080399995,10467
408126,06/14/2018,PL 1200502,<18,M,WHITE HISPANIC,40.88311992000007,-73.90332096899994,10463
60336,10/10/2017,PL 2650201,18-24,M,WHITE,40.54536449900007,-74.15370185199998,10308
520318,01/11/2018,PL 1950500,18-24,M,BLACK,40.804012949000025,-73.87833183299993,10474
497742,02/08/2018,PL 2211001,45-64,M,WHITE HISPANIC,40.84296501700004,-73.93467111099994,10033
271751,01/16/2017,PL 1601001,18-24,M,WHITE HISPANIC,40.75171594000005,-73.86469412699995,11368
187690,04/27/2017,PL 1201001,25-44,F,BLACK,40.67459999000005,-73.93057482199998,11213
309473,11/15/2018,PL 1200800,18-24,F,BLACK,40.74989826300003,-73.71198321799993,11004
244208,02/17/2017,PL 265031B,25-44,M,BLACK,40.66932766100007,-73.90433739499997,11212
512232,01/21/2018,PL 1200001,18-24,M,WHITE,40.688495703000065,-73.99626941099996,11201
192264,04/21/2017,PL 1552500,45-64,F,WHITE HISPANIC,40.84806093700007,-73.93782516199997,10033
143442,06/22/2017,VTL11920E2,25-44,M,WHITE HISPANIC,40.86947047700004,-73.87986080399995,10467
231751,03/04/2017,PL 1401000,18-24,M,BLACK HISPANIC,40.86163143800008,-73.92100532399995,10034
512997,01/20/2018,PL 1403500,45-64,M,BLACK,40.679897389000075,-73.94032903399994,11216
62759,10/06/2017,PL 2211001,<18,M,WHITE HISPANIC,40.75497231100008,-73.94635450299995,11101
356801,08/30/2018,PL 1552500,<18,M,WHITE HISPANIC,40.73420929300004,-73.98934251699995,10003
476761,03/08/2018,PL 1211100,25-44,M,ASIAN / PACIFIC ISLANDER,40.68616574200007,-73.92503883899997,11221
171194,05/17/2017,PL 2211001,18-24,M,BLACK,40.81194686600002,-73.90659253499997,10455
146550,06/18/2017,PL 1200001,45-64,F,BLACK,40.68388333700005,-73.91878571999997,11233
195684,04/18/2017,LOC00000AM,25-44,M,BLACK,40.842446027000044,-73.93925439599997,10032
347845,09/13/2018,PL 160102A,25-44,M,BLACK HISPANIC,40.83162146800004,-73.87019051799997,10472
169026,05/19/2017,PL 2201601,25-44,M,WHITE,40.711011736000046,-73.96661460499998,11249
180127,05/06/2017,PL 1702500,45-64,M,BLACK,40.75099904800004,-73.99062471199994,10119
262975,01/26/2017,PL 2200300,45-64,F,WHITE HISPANIC,40.78756730100001,-73.94313233199995,10029
91610,08/29/2017,PL 2200300,45-64,M,BLACK,40.80154450800006,-73.95842424499993,10026
190483,04/24/2017,PL 2155100,25-44,M,BLACK,40.67141166300007,-73.88151172399995,11208
262414,01/26/2017,PL 1252502,25-44,M,BLACK,40.71552621300003,-74.00123874799993,10013
101236,08/16/2017,PL 2211001,18-24,M,WHITE HISPANIC,40.79827989900008,-73.93277182499997,10035
467680,03/21/2018,VTL05110E2,25-44,M,BLACK HISPANIC,40.843871493000044,-73.88338394899995,10460
520628,01/11/2018,VTL0511001,25-44,M,BLACK,40.64483239900005,-73.95799938499994,11226
164417,05/25/2017,VTL051101A,25-44,M,WHITE,40.62511308500007,-74.14877008199994,
78204,09/16/2017,VTL0511001,45-64,M,BLACK,40.68778138900007,-73.98700256499995,
488512,02/20/2018,PL 1200001,45-64,M,BLACK,40.680048726000045,-73.77590919399995,11434
393575,07/07/2018,PL 1552500,25-44,M,WHITE,40.753836842000055,-73.88410823599996,11372
231425,03/05/2017,PL 2650101,25-44,M,BLACK,40.83304682100004,-73.90482473999998,10456
225443,03/11/2017,VTL1192U2C,25-44,M,WHITE HISPANIC,40.82919404000006,-73.92875856299997,10451
305132,11/23/2018,PL 2211001,18-24,M,WHITE HISPANIC,40.743334599000036,-73.85877827599995,11368
462400,03/28/2018,LOC000000V,18-24,M,WHITE,40.57557363000007,-73.98120362499998,11224
356240,08/31/2018,PL 1200001,45-64,F,WHITE,40.74678493900007,-73.98268553699995,10016
84153,09/08/2017,PL 1553008,25-44,M,WHITE HISPANIC,40.71552621300003,-74.00123874799993,10013
449279,04/16/2018,PL 1552500,25-44,F,BLACK,40.810476043000044,-73.95188015099995,10027
230286,03/06/2017,PL 1553004,25-44,M,BLACK,40.70629036500002,-73.95035033099998,11211
373124,08/06/2018,PL 215510B,18-24,M,WHITE HISPANIC,40.84198992200004,-73.92449461799998,10452
30082,11/16/2017,VTL0511001,25-44,F,BLACK HISPANIC,40.558895005000075,-74.19769644699994,10312
505903,01/29/2018,PL 215510B,25-44,M,BLACK,40.645022746000045,-74.077216847,10301
61242,10/08/2017,PL 121110A,25-44,M,BLACK HISPANIC,40.82338729100008,-73.87017045,10473
38657,11/06/2017,VTL0511001,45-64,M,BLACK HISPANIC,40.78917731100006,-73.95274419499998,10029
80595,09/13/2017,PL 1200001,25-44,M,WHITE HISPANIC,40.86940749200004,-73.87999831299999,10467
274056,01/13/2017,PL 2200300,18-24,M,BLACK,40.841398423000044,-73.93580386899998,10032
385688,07/19/2018,PL 1201401,45-64,F,BLACK,40.66292739000005,-73.94795681099998,11225
85612,09/06/2017,VTL0511001,45-64,M,BLACK,40.88134898200008,-73.90933020499993,10463
5336,12/21/2017,VTL0511001,18-24,M,BLACK,40.789957862000044,-73.94292805699997,10029
268121,01/20/2017,PL 1552500,45-64,M,BLACK,40.60157106200006,-73.74256665999997,11691
436815,05/03/2018,PL 2205002,45-64,M,BLACK,40.69266153900003,-73.93697840199997,11221
271067,01/17/2017,VTL0511001,45-64,M,WHITE,40.765489555000045,-73.91370080099993,11103
251643,02/08/2017,PL 1201401,25-44,M,WHITE,40.73669094600008,-73.99523109199998,10011
36381,11/08/2017,PL 1553001,18-24,M,BLACK,40.64231410300005,-74.01323288799993,11220
342679,09/21/2018,PL 2650101,45-64,M,WHITE HISPANIC,40.720335773000045,-73.97847517799994,10009
339002,09/28/2018,VTL0511001,25-44,M,BLACK HISPANIC,40.85894842300007,-73.92293172899997,10040
179527,05/07/2017,PL 1552500,45-64,M,WHITE HISPANIC,40.75215281700008,-73.977735823,10017
304045,11/25/2018,PL 1552500,25-44,M,BLACK,40.765912797000055,-73.98094414399995,10019
348374,09/13/2018,PL 1200501,45-64,M,WHITE HISPANIC,40.73283043300006,-73.98149122999997,10009
421760,05/24/2018,PL 2403002,45-64,M,WHITE,40.62572501600005,-73.99104937999994,11204
123155,07/19/2017,VTL0511001,25-44,M,WHITE HISPANIC,40.752549233000025,-73.85260488099993,11368
31498,11/15/2017,PL 1702500,25-44,M,WHITE,40.804384046000045,-73.93742166899995,10035
392924,07/08/2018,PL 265031B,18-24,M,BLACK,40.88733281800006,-73.84725001299995,10466
255473,02/03/2017,PL 140100E,18-24,M,BLACK,40.69590304600007,-73.91929037599994,11221
28821,11/18/2017,PL 1651503,25-44,M,BLACK,40.77365029300007,-73.95985695199995,10075
244085,02/17/2017,VTL11920U2,18-24,F,WHITE,40.762067683000055,-73.77023294899993,11361
119777,07/24/2017,PL 1201401,<18,M,WHITE HISPANIC,40.88733281800006,-73.84725001299995,10466
386474,07/18/2018,PL 1211100,45-64,M,BLACK,40.665516282000056,-73.99277063999993,11215
76329,09/19/2017,PL 2154002,45-64,M,BLACK,40.75913993600005,-73.99026621099993,10036
228771,03/08/2017,PL 2650201,25-44,M,BLACK,40.70308593800007,-73.79063697499998,11434
353451,09/05/2018,VTL1220B01,25-44,M,ASIAN / PACIFIC ISLANDER,40.67998073800004,-73.77623390699993,11434
327789,10/16/2018,PL 1200501,25-44,M,BLACK,40.66263183900003,-73.93367267299993,11203
313101,11/09/2018,PL 1200000,18-24,F,BLACK,40.75201086000004,-73.93587196099996,11101
492967,02/14/2018,VTL11920U3,25-44,M,BLACK HISPANIC,40.85657672800004,-73.84389367799997,10461
436203,05/04/2018,PL 2214000,45-64,M,BLACK,40.65595686200004,-73.91724113099998,11212
314936,11/06/2018,PL 1701004,25-44,M,BLACK,40.67690234600008,-73.90004715099997,11207
240231,02/23/2017,VTL0511001,25-44,F,BLACK,40.679838697000044,-74.00352748899995,11231
392190,07/10/2018,AC 010125B,45-64,M,WHITE HISPANIC,40.64847396000005,-74.00682318599996,11220
58986,10/11/2017,VTL0511001,25-44,M,WHITE HISPANIC,40.76169338600005,-73.76030727299997,11361
508249,01/26/2018,PL 1200001,25-44,M,WHITE HISPANIC,40.643329967000064,-74.01038280899995,11220
208987,04/02/2017,PL 2403003,25-44,M,WHITE,40.74608634800006,-73.97493730799994,10016
262832,01/26/2017,PL 1552500,18-24,M,BLACK,40.747729682000056,-73.98683929299993,10001
326602,10/18/2018,PL 1651503,18-24,M,WHITE,40.757240531000036,-73.98979363699993,10036
320213,10/28/2018,PL 1200501,45-64,F,BLACK,40.64121546400003,-73.95994022299993,11226
511832,01/22/2018,PL 1553500,25-44,M,BLACK,40.586231405000035,-73.81601112099996,11693
301132,11/30/2018,PL 1552500,18-24,M,BLACK HISPANIC,40.750430768000044,-73.98928217599996,10001
484416,02/26/2018,PL 1654000,18-24,F,BLACK HISPANIC,40.69843969400005,-73.83112953899997,11418
475599,03/10/2018,PL 2200300,18-24,M,WHITE,40.579988779000075,-74.00272661799994,11224
321504,10/26/2018,PL 215510B,25-44,M,WHITE HISPANIC,40.67459999000005,-73.93057482199998,11213
206221,04/05/2017,PL 1703000,25-44,M,BLACK,40.65046717200005,-73.95726787499996,11226
146208,06/19/2017,PL 1402000,45-64,M,WHITE HISPANIC,40.810398494000026,-73.92489531099994,10454
197964,04/14/2017,PL 1651503,45-64,M,BLACK,40.70030215500003,-73.80760338,11435
357747,08/29/2018,PL 2154002,45-64,M,ASIAN / PACIFIC ISLANDER,40.68624248100008,-73.82417615599995,11419
21496,11/29/2017,PL 1600500,25-44,M,BLACK,40.72394926000004,-73.98796960599998,10009
260827,01/28/2017,VTL11920U3,25-44,F,WHITE HISPANIC,40.771584324000045,-73.876152672,11371
277869,01/09/2017,PL 1200502,18-24,F,BLACK HISPANIC,40.86402732400006,-73.89340651099997,10458
497469,02/09/2018,PL 1552500,25-44,F,WHITE HISPANIC,40.80959683800006,-73.94978559799995,10027
169639,05/19/2017,PL 2200300,<18,M,BLACK,40.675727746000064,-73.92149590099996,11233
503517,02/01/2018,PL 2200300,25-44,F,BLACK,40.75973840100005,-73.99168472999997,10036
339325,09/27/2018,PL 2201802,25-44,M,BLACK,40.68964821100008,-73.92405412199997,11221
301591,11/29/2018,PL 1402000,25-44,M,BLACK HISPANIC,40.752900841000034,-73.98731109199997,10018
31729,11/15/2017,VTL051101A,25-44,M,WHITE HISPANIC,40.72063410900005,-73.99497249499996,10012
325324,10/20/2018,VTL11920E3,45-64,M,WHITE,40.59889755200004,-73.99336481199998,11214
216491,03/23/2017,PL 2201601,25-44,M,BLACK,40.586231405000035,-73.81601112099996,11693
408032,06/14/2018,PL 2211001,18-24,M,WHITE HISPANIC,40.843071553000065,-73.90953417199995,10457
145160,06/20/2017,PL 1450502,25-44,M,WHITE,40.72077382000003,-73.99062896199997,10002
263072,01/26/2017,PL 1202500,18-24,M,BLACK,40.69007113900005,-73.76017169399995,11412
191989,04/21/2017,PL 1651503,18-24,M,BLACK,40.69224167400005,-73.987300996,11201
454047,04/10/2018,PL 2211001,25-44,M,BLACK,40.690806820000034,-73.95635856399997,11205
333874,10/06/2018,CPL5700600,25-44,M,BLACK HISPANIC,40.680048726000045,-73.77590919399995,11434
362321,08/22/2018,PL 2200300,18-24,M,BLACK HISPANIC,40.85967278300007,-73.90428052199997,10468
473322,03/13/2018,PL 1200502,25-44,F,ASIAN / PACIFIC ISLANDER,40.76539517500004,-73.82913311299995,11354
389475,07/13/2018,PL 2200300,25-44,M,WHITE,40.57460284100006,-73.98763652999997,11224
181474,05/04/2017,PL 2210500,18-24,M,WHITE HISPANIC,40.74055657500002,-73.87261612899994,11373
459708,04/01/2018,PL 265101B,45-64,M,ASIAN / PACIFIC ISLANDER,40.68424560500005,-73.83242023499997,11419
447774,04/18/2018,PL 1200001,25-44,M,WHITE HISPANIC,40.64255520100005,-74.01665251299994,11220
463907,03/27/2018,PL 215510B,25-44,M,WHITE HISPANIC,40.82867545800008,-73.94398971599996,10031
174079,05/13/2017,PL 1552500,25-44,M,BLACK HISPANIC,40.840060900000026,-73.91723618599997,10452
81924,09/11/2017,PL 1450500,18-24,F,BLACK,40.70659994400006,-73.79560695699999,11432
36768,11/08/2017,PL 1200001,<18,M,BLACK,40.645022746000045,-74.077216847,10301
147513,06/16/2017,PL 1651503,25-44,M,WHITE HISPANIC,40.75099904800004,-73.99062471199994,10119
105256,08/10/2017,PL 2211001,25-44,F,BLACK,40.576645978000045,-73.97648039599994,11224
49498,10/23/2017,PL 1252501,25-44,M,WHITE HISPANIC,40.810398494000026,-73.92489531099994,10454
163469,05/27/2017,PL 1902300,18-24,M,BLACK,40.623188378000066,-74.14923769499995,10314
431251,05/11/2018,PL 2650201,18-24,M,BLACK,40.673761118000066,-73.87880377199998,11208
417797,05/31/2018,PL 1552500,45-64,M,WHITE HISPANIC,40.777674379000075,-73.95336255899997,10028
202678,04/09/2017,PL 1200502,45-64,M,WHITE HISPANIC,40.804802832000064,-73.95220573099994,10026
232601,03/03/2017,PL 2200300,18-24,M,BLACK,40.841642767000046,-73.94106580999993,10032
449824,04/15/2018,PL 145004A,25-44,M,BLACK HISPANIC,40.873867549000074,-73.88811877499995,10468
184935,05/01/2017,PL 1600500,25-44,M,BLACK,40.82294149500007,-73.93813045499998,10039
203015,04/08/2017,PL 215510D,25-44,M,BLACK,40.703968961000044,-73.94020650199997,11206
211730,03/29/2017,PL 2211001,25-44,M,BLACK,40.68121657900008,-73.76690246299995,11434
444953,04/22/2018,PL 1200001,25-44,M,BLACK,40.81181176000007,-73.93832865099995,10037
494906,02/12/2018,PL 2211001,25-44,F,BLACK,40.680669038000076,-73.90764531399995,11233
286907,12/23/2018,PL 215510D,25-44,M,WHITE HISPANIC,40.868285582000055,-73.89177990399995,10458
55587,10/15/2017,PL 1200001,25-44,M,ASIAN / PACIFIC ISLANDER,40.71148309900008,-73.99552506699997,10002
138499,06/29/2017,PL 1702000,25-44,M,BLACK HISPANIC,40.70778998600008,-73.79340310899995,11432
483434,02/27/2018,PL 2211001,18-24,M,WHITE HISPANIC,40.75828392200003,-73.93335363299997,11106
16072,12/06/2017,PL 2211001,18-24,M,BLACK,40.79199761600006,-73.94971942099994,10029
332416,10/09/2018,PL 12005A3,25-44,F,AMERICAN INDIAN/ALASKAN NATIVE,40.87760048900003,-73.91029719699995,10463
316279,11/04/2018,VTL0511002,25-44,M,WHITE HISPANIC,40.70150283000004,-73.90546695799998,11385
305882,11/21/2018,PL 2200300,45-64,M,WHITE,40.84108492100006,-73.93976883999993,10032
278385,01/08/2017,PL 140100E,25-44,M,WHITE HISPANIC,40.81070266500007,-73.91621424499994,10454
51897,10/20/2017,PL 2200300,25-44,M,WHITE HISPANIC,40.858865278000046,-73.90360566599996,10468
479247,03/05/2018,VTL05110A4,25-44,M,WHITE HISPANIC,40.82291230800007,-73.87004130399998,10473
490244,02/18/2018,PL 1201401,45-64,M,BLACK,40.849390950000036,-73.91454980799993,10453
19180,12/02/2017,PL 215510B,25-44,M,BLACK,40.631330510000055,-73.93402082099993,11234
270117,01/18/2017,PL 1200001,25-44,M,WHITE HISPANIC,40.645009920000064,-74.00863538199997,11220
406463,06/17/2018,PL 1600500,45-64,F,BLACK,40.833217042000065,-73.92755451499994,10452
364148,08/19/2018,PL 2201602,25-44,M,BLACK,40.818020776000026,-73.92518657699995,10451
512416,01/21/2018,VTL0511001,25-44,M,BLACK,40.75551344600007,-73.92290701999997,11101
274898,01/12/2017,PL 1552500,25-44,M,ASIAN / PACIFIC ISLANDER,40.707447364000075,-73.79214176799998,11432
74660,09/21/2017,PL 1450502,18-24,M,BLACK,40.680048726000045,-73.77590919399995,11434
35778,11/09/2017,PL 2211001,<18,F,WHITE HISPANIC,40.717186266000056,-73.98891235199994,10002
138484,06/29/2017,PL 2200300,25-44,M,WHITE HISPANIC,40.70795532300008,-73.78330690099993,11432
5791,12/20/2017,PL 1654502,25-44,M,BLACK,40.664717351000036,-73.92823133899999,11212
216962,03/23/2017,PL 1201401,25-44,M,WHITE,40.79403999200008,-73.97630609099998,10025
240188,02/23/2017,PL 1553005,25-44,M,WHITE HISPANIC,40.810398494000026,-73.92489531099994,10454
388578,07/15/2018,PL 1552500,45-64,F,WHITE HISPANIC,40.75737941700004,-73.83401937099995,11354
98816,08/19/2017,PL 2211001,18-24,M,WHITE HISPANIC,40.83398825000006,-73.88660302699995,10460
506565,01/28/2018,PL 1456002,18-24,M,WHITE,40.730756883000026,-74.00076997599997,10012
341466,09/23/2018,PL 2214000,18-24,M,BLACK,40.66913255700007,-73.91451037999997,11212
312931,11/09/2018,AC 010125B,25-44,M,WHITE HISPANIC,40.68101337500008,-73.99434453099997,11231
344108,09/19/2018,PL 1902300,45-64,M,BLACK,40.82464162300005,-73.91058899199999,10456
210936,03/30/2017,PL 1651503,45-64,M,WHITE,40.71802669700002,-73.99995815799997,10013
260992,01/28/2017,PL 1450001,25-44,M,BLACK,40.65170090400005,-73.86844675099995,11239
388357,07/15/2018,PL 2053000,25-44,M,BLACK,40.76136194000002,-73.93538646699994,11106
52701,10/19/2017,PL 1657100,25-44,M,BLACK,40.719163009000056,-74.00209378999993,10013
383693,07/22/2018,PL 1200001,25-44,M,BLACK,40.889845868000066,-73.86162446499998,10466
198110,04/14/2017,PL 1950500,25-44,M,BLACK,40.71634415200003,-74.00125319299997,10013
503820,02/01/2018,PL 2201601,45-64,M,BLACK,40.663321591000056,-73.90374766599997,11212
106913,08/09/2017,PL 1200001,25-44,M,WHITE HISPANIC,40.64727959200008,-74.01164108099994,11220
135909,07/02/2017,PL 1552500,45-64,M,BLACK,40.778504447000046,-73.95631553499999,10028
311726,11/11/2018,PL 1553001,45-64,M,BLACK,40.750430768000044,-73.98928217599996,10001
23782,11/26/2017,VTL0511001,25-44,M,BLACK,40.76136194000002,-73.93538646699994,11106
475298,03/10/2018,PL 2155100,25-44,M,WHITE HISPANIC,40.586231405000035,-73.81601112099996,11693
242763,02/19/2017,PL 1552500,25-44,M,BLACK,40.749733638000066,-73.98967568499995,10001
180891,05/05/2017,PL 1200001,18-24,F,BLACK,40.82229848500003,-73.91169413099993,10451
184178,05/02/2017,VTL0511001,18-24,M,WHITE HISPANIC,40.85268238500004,-73.91909652899994,10453
336025,10/03/2018,PL 21551B5,45-64,M,BLACK HISPANIC,40.87726828600006,-73.83354290199999,10475
160425,05/31/2017,VTL0511001,65+,M,BLACK,40.82044551200005,-73.93623234699999,10039
358637,08/28/2018,PL 1553001,25-44,F,WHITE HISPANIC,40.82547196300004,-73.89294073699995,10459
262874,01/26/2017,PL 2200300,25-44,M,BLACK,40.75584346200003,-73.92815481799995,11106
16271,12/06/2017,PL 1553001,25-44,M,WHITE,40.710093847000046,-74.01060962999998,10007
306377,11/20/2018,PL 2053000,25-44,F,BLACK,40.71634415200003,-74.00125319299997,10013
23578,11/26/2017,PL 1651503,18-24,M,BLACK,40.675411501000035,-73.87191497999999,11208
380828,07/26/2018,PL 1200001,45-64,M,WHITE,40.57687287400006,-74.01159640899994,11224
376738,08/01/2018,PL 1200502,45-64,F,BLACK,40.798483162000025,-73.94914747099993,10026
239741,02/23/2017,PL 1552500,25-44,M,BLACK,40.76082950400007,-73.92631568899995,11106
94496,08/25/2017,PL 2201602,25-44,M,WHITE,40.800880893000055,-73.94095380699997,10035
436240,05/04/2018,PL 215510B,45-64,F,BLACK,40.59646293100008,-73.77246640899993,11691
478670,03/06/2018,PL 2200300,45-64,M,BLACK HISPANIC,40.74567140400006,-73.98962217999998,10001
483825,02/27/2018,VTL1220B01,25-44,M,WHITE HISPANIC,40.67998073800004,-73.77623390699993,11434
296344,12/07/2018,PL 24030M1,25-44,M,BLACK,40.64870676900005,-73.90513094099998,11236
470759,03/16/2018,PL 1553500,25-44,M,WHITE,40.753464076000064,-73.99439974299997,10013
520146,01/11/2018,VTL11920U2,25-44,M,BLACK,40.82706069900007,-73.87103771099999,10472
486867,02/22/2018,PL 1200001,25-44,M,BLACK,40.810398494000026,-73.92489531099994,10454
477845,03/07/2018,PL 1200001,25-44,M,WHITE HISPANIC,40.64696537000003,-74.02093827699997,11220
495108,02/12/2018,PL 1200001,45-64,M,BLACK,40.66553152200004,-73.88894041999998,11207
82580,09/10/2017,VTL0511001,25-44,M,WHITE HISPANIC,40.85844213600007,-73.88511892899999,10458
419388,05/29/2018,PL 1553008,18-24,M,BLACK,40.69488937600005,-73.94041298399995,11206
370101,08/10/2018,VTL0511001,45-64,M,WHITE HISPANIC,40.79931754600005,-73.94323787299999,10029
166487,05/23/2017,PL 1200001,25-44,M,WHITE,40.57414012800007,-74.10600776499997,10306
161063,05/31/2017,PL 1553004,18-24,M,BLACK,40.784507365000024,-73.97548255699995,10024
441575,04/26/2018,PL 1201401,25-44,F,BLACK HISPANIC,40.74500029700005,-73.87012832399995,11373
248170,02/13/2017,PL 2200300,45-64,M,WHITE HISPANIC,40.67119007600007,-73.90952938099997,11212
187016,04/28/2017,PL 160102A,25-44,M,WHITE HISPANIC,40.74664995000006,-73.89139283499998,11372
475577,03/10/2018,PL 1201401,45-64,M,WHITE,40.70083698400003,-73.82633763299998,11418
209053,04/02/2017,PL 1200001,25-44,M,ASIAN / PACIFIC ISLANDER,40.686214947000046,-73.85568655599997,11416
305731,11/21/2018,PL 2650102,25-44,M,WHITE HISPANIC,40.75305942500006,-73.87307226199994,11372
439948,04/29/2018,PL 1211100,25-44,M,BLACK HISPANIC,40.86940749200004,-73.87999831299999,10467
336801,10/02/2018,PL 2203901,25-44,M,WHITE HISPANIC,40.69663020400003,-73.90803792699995,11237
410755,06/10/2018,VTL1212000,25-44,M,BLACK,40.62423775000008,-73.93857761299995,11210
107547,08/08/2017,PL 1201401,25-44,F,BLACK HISPANIC,40.85358740100002,-73.90059135599995,10457
179136,05/07/2017,PL 1200001,25-44,M,WHITE HISPANIC,40.72906475000008,-73.81102013199995,11367
41895,11/02/2017,PL 2204301,25-44,M,WHITE,40.750021973000045,-73.99133946299997,10001
289117,12/19/2018,VTL1220B01,25-44,M,WHITE HISPANIC,40.75656758500002,-73.87593153399997,11369
283469,12/31/2018,VTL0511001,45-64,M,BLACK,40.85959137100008,-73.86652804699997,10467
279222,01/06/2017,PL 1200001,25-44,M,ASIAN / PACIFIC ISLANDER,40.74698271200003,-73.89208161099998,11372
144781,06/20/2017,PL 2205002,18-24,M,WHITE HISPANIC,40.83883070900004,-73.94360531399997,10032
64679,10/04/2017,PL 1552500,18-24,M,WHITE HISPANIC,40.70432437400007,-74.01035984999999,10004
116803,07/27/2017,PL 215510C,45-64,M,BLACK,40.57913025700003,-73.83571511799995,11694
289947,12/18/2018,PL 1452000,18-24,M,BLACK,40.71634415200003,-74.00125319299997,10013
455254,04/08/2018,PL 1552500,45-64,M,BLACK,40.73388303300004,-74.00542831099993,10014
321251,10/26/2018,PL 2053000,25-44,F,BLACK,40.72066379300003,-73.98806399499993,10002
285766,12/26/2018,PL 120053C,25-44,M,WHITE,40.700511239000036,-73.94154039399997,11206
176585,05/10/2017,PL 1553004,18-24,M,BLACK,40.66889720100005,-73.89848025599997,11207
125518,07/16/2017,PL 2211001,18-24,F,WHITE HISPANIC,40.81472921200003,-73.94920008599996,10027
474389,03/12/2018,PL 1200501,18-24,F,BLACK,40.82166422800003,-73.91885603399999,10451
248406,02/12/2017,PL 1200001,45-64,F,BLACK,40.824727387000046,-73.91893178899994,10451
484642,02/26/2018,PL 1200001,25-44,M,WHITE,40.56072109100006,-74.10564817299998,10306
449116,04/16/2018,PL 1552500,18-24,M,BLACK,40.71634415200003,-74.00125319299997,10013
443662,04/24/2018,PL 1552500,45-64,F,BLACK,40.83663035500007,-73.88553604799995,10460
378195,07/30/2018,PL 2200300,45-64,M,BLACK,40.57669396700004,-73.98424513599997,11224
168845,05/20/2017,PL 1552500,45-64,M,BLACK,40.89240766300003,-73.85792989899994,10466
245616,02/15/2017,PL 2155006,25-44,M,WHITE HISPANIC,40.80193203300007,-73.93565410599996,10035
135999,07/02/2017,VTL11920U3,45-64,M,WHITE HISPANIC,40.63966331300003,-74.07550633399995,10301
379969,07/27/2018,PL 1402000,25-44,M,BLACK HISPANIC,40.62572501600005,-73.99104937999994,11204
35713,11/09/2017,VTL037502A,45-64,M,BLACK,40.67655571200004,-73.96353139199994,11238
240105,02/23/2017,PL 2601001,25-44,M,ASIAN / PACIFIC ISLANDER,40.76233421800004,-73.82691730799998,11354
137504,06/30/2017,PL 2200300,25-44,M,WHITE,40.72622779300008,-74.00749860599996,10013
364850,08/18/2018,PL 1211200,45-64,M,BLACK,40.67701263400005,-73.78142817299994,11434
138456,06/29/2017,PL 265031B,18-24,M,BLACK,40.64450225100006,-73.92859540899997,11203
75787,09/20/2017,PL 2211001,25-44,M,WHITE HISPANIC,40.864140648000046,-73.89131303799998,10458
14972,12/07/2017,PL 2201601,45-64,F,BLACK,40.69235387200007,-73.80469099199999,11435
488049,02/21/2018,PL 1200001,18-24,M,BLACK,40.81698058400008,-73.92115225499998,10451
335777,10/03/2018,PL 24030M1,<18,M,BLACK,40.61041440500002,-73.94861722399997,11229
16149,12/06/2017,PL 1600500,25-44,M,BLACK HISPANIC,40.844139945000045,-73.90038861799998,10457
306,12/31/2017,PL 1200001,25-44,M,BLACK,40.610790515000076,-73.99003932299998,11204
119354,07/24/2017,PL 2203901,45-64,M,BLACK,40.72479293300007,-73.97678528999995,10009
78324,09/15/2017,PL 1601503,18-24,M,WHITE HISPANIC,40.81507939400007,-73.91850279199997,10455
15086,12/07/2017,PL 2200606,45-64,M,ASIAN / PACIFIC ISLANDER,40.625583766000034,-74.01926364399995,11209
457333,04/05/2018,PL 1201800,45-64,F,WHITE HISPANIC,40.695864034000074,-73.98182244499998,11201
65783,10/03/2017,PL 1702500,25-44,M,BLACK,40.807385126000035,-73.92978972799993,10454
492743,02/15/2018,PL 2200300,25-44,M,WHITE,40.62218508900003,-74.02268839999994,11209
179373,05/07/2017,PL 1553001,25-44,F,BLACK,40.76187469000007,-73.96635808399995,10022
253314,02/06/2017,PL 1202500,18-24,M,BLACK,40.680048726000045,-73.77590919399995,11434
343774,09/20/2018,PL 1552500,45-64,M,BLACK,40.75535759100006,-73.98931025899995,10018
391368,07/11/2018,VTL0511001,18-24,M,BLACK,40.67908162800006,-73.92526672699995,11233
421393,05/25/2018,VTL051101A,25-44,M,BLACK,40.65264471300003,-73.98129723899994,11218
70528,09/27/2017,PL 1651503,18-24,M,WHITE HISPANIC,40.779505997000065,-73.95558550399994,10028
428907,05/14/2018,PL 1200502,18-24,M,BLACK HISPANIC,40.855802743000034,-73.84390995399998,10461
78309,09/15/2017,PL 140100A,18-24,M,WHITE HISPANIC,40.70551869900004,-74.00513745999997,10038
213409,03/27/2017,PL 2211001,25-44,F,BLACK HISPANIC,40.799232486000044,-73.93305619799997,10035
57402,10/13/2017,PL 2214000,25-44,M,BLACK,40.661440353000046,-73.91643415899993,11212
118000,07/26/2017,PL 2200300,45-64,F,BLACK,40.57220443000005,-73.99481808199994,11224
359509,08/26/2018,PL 1654501,18-24,M,WHITE HISPANIC,40.762304260000064,-73.75711036599995,11361
135362,07/03/2017,PL 1651503,18-24,M,WHITE HISPANIC,40.60195802700008,-73.99381105099997,11214
32884,11/13/2017,PL 1552500,25-44,M,BLACK HISPANIC,40.84582439900004,-73.93856819599996,10033
10401,12/14/2017,PL 2211001,18-24,M,BLACK HISPANIC,40.743458998000044,-73.98819343799995,10001
276939,01/10/2017,PL 1451000,25-44,M,BLACK,40.65615937600006,-73.93811573399995,11203
45541,10/27/2017,PL 1552500,18-24,M,BLACK HISPANIC,40.72628777500006,-73.98779600499995,10003
427469,05/16/2018,PL 2053000,18-24,M,BLACK,40.70180626100006,-73.940547457,11206
139117,06/28/2017,PL 16515M9,45-64,M,BLACK HISPANIC,40.81415217000005,-73.91920116799997,10455
254273,02/05/2017,PL 1600500,25-44,M,WHITE HISPANIC,40.676080719000026,-73.90543088799996,11233
293837,12/11/2018,PL 1553008,<18,M,BLACK HISPANIC,40.71634415200003,-74.00125319299997,10013
353616,09/04/2018,PL 2200300,25-44,M,WHITE,40.57379389600004,-74.10642477399993,10306
494803,02/12/2018,VTL11920U4,25-44,M,WHITE HISPANIC,40.719592257000045,-73.83977367199995,11375
527107,01/01/2018,PL 2350501,25-44,M,BLACK,40.67970040800003,-73.77604736799998,11434
316153,11/04/2018,PL 1552500,25-44,M,WHITE HISPANIC,40.791598615000055,-73.94173488299998,10029
262508,01/26/2017,PL 1200001,<18,F,BLACK,40.57556809600004,-73.98093364699997,11224
389549,07/13/2018,PL 1450003,45-64,M,ASIAN / PACIFIC ISLANDER,40.677605279000026,-73.82821877999999,11420
468863,03/19/2018,PL 1651503,25-44,M,WHITE HISPANIC,40.763168791000055,-73.81638872699995,11354
92897,08/27/2017,VTL11920U3,18-24,M,WHITE HISPANIC,40.696696793000065,-73.93779321299998,11206
482849,02/28/2018,PL 1553001,25-44,M,BLACK HISPANIC,40.737082284000046,-73.98296229999994,10010
149656,06/14/2017,PL 1702500,25-44,F,BLACK,40.76588276200005,-73.98191885799997,10023
469916,03/17/2018,VTL0511001,45-64,M,WHITE HISPANIC,40.83726074900005,-73.92443854899994,10452
424050,05/21/2018,PL 2200300,25-44,M,BLACK HISPANIC,40.85742943100007,-73.89994937499995,10457
373601,08/05/2018,PL 1553008,<18,F,WHITE,40.66096989500005,-73.93136754499993,11203
38227,11/06/2017,PL 2403002,18-24,F,WHITE HISPANIC,40.86940749200004,-73.87999831299999,10467
104117,08/12/2017,VTL0511001,25-44,F,WHITE,40.68022422100006,-73.95976897199995,11238
331134,10/11/2018,PL 1601001,25-44,F,BLACK,40.81335496400004,-73.925516954,10451
385948,07/18/2018,PL 1553001,18-24,F,BLACK,40.688743368000075,-73.94498708099997,11216
259008,01/31/2017,PL 2650303,45-64,M,WHITE HISPANIC,40.81488862800006,-73.92885696699994,10451
273810,01/13/2017,PL 1201001,<18,M,WHITE HISPANIC,40.72464417500004,-73.97423824399993,10009
44678,10/28/2017,PL 1211100,25-44,M,BLACK,40.573763375000055,-73.99287775699997,11224
499188,02/07/2018,PL 1654505,<18,F,BLACK,40.60274595100003,-73.75007786499998,11691
89205,09/01/2017,PL 12005A3,45-64,M,WHITE HISPANIC,40.85676556100003,-73.90035163399993,10453
62050,10/07/2017,PL 2210500,25-44,M,BLACK,40.76015718700007,-73.76742395499997,11361
249492,02/11/2017,PL 140100A,25-44,M,BLACK,40.74928579900006,-73.87854005699995,11372
72086,09/24/2017,PL 24030M1,25-44,M,BLACK HISPANIC,40.855802743000034,-73.84390995399998,10461
523202,01/08/2018,PL 1201002,18-24,M,WHITE HISPANIC,40.74500029700005,-73.87012832399995,11373
171222,05/17/2017,PL 1211200,25-44,M,BLACK,40.726293088000034,-73.73476084899994,11428
472871,03/14/2018,PL 2200606,25-44,M,ASIAN / PACIFIC ISLANDER,40.63115973700008,-74.00845705499995,11219
265622,01/23/2017,PL 1651503,18-24,M,BLACK,40.70059059000005,-73.80774319999993,11435
269042,01/19/2017,PL 1650501,18-24,M,BLACK HISPANIC,40.680048726000045,-73.77590919399995,11434
2046,12/28/2017,PL 1552500,25-44,M,WHITE,40.714617135000026,-74.01144362299993,10007
502362,02/02/2018,PL 1553001,65+,M,BLACK,40.76187469000007,-73.96635808399995,10022
319560,10/30/2018,PL 12005A3,45-64,M,BLACK,40.68294748900007,-73.77185763899995,11434
391730,07/10/2018,PL 1200001,<18,F,WHITE,40.57414012800007,-74.10600776499997,10306
479583,03/05/2018,PL 2211001,18-24,M,BLACK HISPANIC,40.63947419300007,-73.975715999,11218
352003,09/07/2018,PL 1552500,25-44,M,WHITE,40.59063941200003,-73.93993351699999,11235
396111,07/04/2018,PL 1950500,25-44,M,BLACK,40.66358222400004,-73.89128658099996,11207
7254,12/18/2017,PL 1553004,25-44,M,WHITE HISPANIC,40.73388303300004,-74.00542831099993,10014
439013,05/01/2018,VTL0511001,25-44,M,BLACK,40.62653650400005,-73.90115288899995,11236
397107,07/02/2018,VTL0511001,25-44,M,WHITE HISPANIC,40.70903361800004,-73.79818567899997,11432
15500,12/07/2017,PL 2211001,18-24,M,ASIAN / PACIFIC ISLANDER,40.577435536000046,-73.98817598099998,11224
476273,03/09/2018,VTL0511001,18-24,M,WHITE HISPANIC,40.84947591700006,-73.89154664399997,10457
177761,05/09/2017,PL 2300400,25-44,M,BLACK,40.741293767000066,-74.00722964999993,10014
183200,05/03/2017,PL 1553501,45-64,M,WHITE HISPANIC,40.82547196300004,-73.89294073699995,10459
269766,01/18/2017,PL 2402005,25-44,M,WHITE,40.711804140000034,-74.00649421099996,10038
18127,12/03/2017,PL 1702500,25-44,M,WHITE HISPANIC,40.675071281000044,-73.85147466499996,11417
494540,02/13/2018,PL 121130H,25-44,M,WHITE HISPANIC,40.82628213200008,-73.92070763799995,10451
331362,10/10/2018,PL 2200300,45-64,M,BLACK,40.62387827200007,-74.07922050099995,10304
185754,04/29/2017,PL 1702500,25-44,M,BLACK,40.72628777500006,-73.98779600499995,10003
73198,09/23/2017,VTL0511001,25-44,M,WHITE HISPANIC,40.824847877000025,-73.87052169599998,10472
203963,04/07/2017,PL 2212500,25-44,M,BLACK,40.89470911000007,-73.85464434099998,10466
181009,05/05/2017,PL 1552500,25-44,M,BLACK,40.795581553000034,-73.93229781499997,10035
129131,07/12/2017,PL 2650201,25-44,M,WHITE HISPANIC,40.737203099000055,-73.98327259799999,10010
407262,06/16/2018,PL 1902300,18-24,M,BLACK,40.75679820100004,-73.97111078699999,10022
474939,03/11/2018,PL 1200001,45-64,M,BLACK,40.66654015100005,-73.87932514799998,11208
39416,11/04/2017,PL 1450502,45-64,F,BLACK,40.678238976000046,-73.90992721499998,11233
301297,11/29/2018,PL 1450502,25-44,M,WHITE,40.713391503000025,-73.91385482399994,11378
423798,05/22/2018,PL 1200001,25-44,M,WHITE HISPANIC,40.61341171000004,-73.98910607299997,11204
38048,11/06/2017,PL 1200001,25-44,M,BLACK,40.83404549800008,-73.87814681899994,10472
180052,05/06/2017,PL 2203901,45-64,M,WHITE HISPANIC,40.752862899000036,-73.99298133199994,10001
168177,05/21/2017,PL 12005A3,25-44,M,BLACK,40.73504388200007,-73.86202532499993,11368
34182,11/11/2017,PL 1200001,25-44,M,BLACK HISPANIC,40.83917630500007,-73.90889256299994,10457
337140,10/02/2018,PL 2205003,18-24,M,BLACK,40.68428204500003,-73.98934328299998,11217
479632,03/05/2018,PL 2201601,25-44,M,WHITE HISPANIC,40.80051276000006,-73.93521121499998,10035
251958,02/08/2017,PL 1552500,65+,M,BLACK HISPANIC,40.749926198000026,-73.86223992399994,11368
494386,02/13/2018,PL 1601001,25-44,M,BLACK HISPANIC,40.81226765700006,-73.95708452099996,10027
331811,10/10/2018,PL 2202101,65+,M,WHITE HISPANIC,40.693471325000075,-73.98724306499997,11201
430708,05/11/2018,PL 1200001,<18,M,WHITE,40.76690500600006,-73.96373101899997,10065
163477,05/27/2017,PL 12005A3,25-44,F,BLACK,40.677605279000026,-73.82821877999999,11420
279534,01/06/2017,PL 2155003,25-44,M,BLACK HISPANIC,40.810398494000026,-73.92489531099994,10454
377233,07/31/2018,PL 2402005,25-44,F,ASIAN / PACIFIC ISLANDER,40.74876701400007,-73.98531965899997,10001
79359,09/14/2017,PL 1651503,18-24,M,BLACK,40.71407409000005,-73.94937419199994,11211
393444,07/07/2018,VTL05110A2,45-64,M,WHITE,40.72155635200004,-74.00493306199995,10013
166440,05/23/2017,PL 1650501,25-44,M,BLACK,40.65106272200006,-73.92929833799997,11203
476679,03/09/2018,PL 2214000,18-24,M,BLACK,40.71806805800003,-73.73641332499993,11428
361409,08/23/2018,PL 2155100,25-44,M,WHITE,40.708993201000055,-73.82733715099994,11415
296619,12/07/2018,PL 2212000,25-44,F,WHITE HISPANIC,40.82967769500005,-73.89383372799993,10459
183723,05/02/2017,PL 1702500,18-24,M,UNKNOWN,40.74763902400008,-73.88393856599998,11372
118743,07/25/2017,VTL0511001,25-44,M,WHITE,40.66628988400004,-73.94248596299997,11213
238079,02/25/2017,PL 1553001,25-44,M,BLACK,40.74296235400004,-73.95527424799997,11101
429942,05/12/2018,VTL0511001,25-44,M,BLACK,40.88852106900004,-73.86008289799997,10466
166767,05/23/2017,PL 2211001,25-44,M,BLACK,40.81463705700002,-73.951916881,10027
469801,03/18/2018,PL 1450502,<18,M,WHITE HISPANIC,40.687712584000046,-73.87348871799998,11208
489390,02/19/2018,PL 1200600,25-44,M,WHITE HISPANIC,40.652393680000046,-74.00275120299993,11232
330231,10/12/2018,PL 2650100,45-64,M,WHITE HISPANIC,40.88162936400005,-73.84520181999993,10466
256626,02/02/2017,ABC0065000,65+,F,ASIAN / PACIFIC ISLANDER,40.67296052800003,-73.84318787499996,11417
344803,09/18/2018,PL 1211100,25-44,M,BLACK,40.62445004600005,-73.94592625499997,11210
111643,08/03/2017,PL 2200300,45-64,F,WHITE HISPANIC,40.63935117200003,-74.08613535099995,10301
52314,10/19/2017,TAX18140B2,18-24,M,ASIAN / PACIFIC ISLANDER,40.86540994000006,-73.86874708699997,10467
110095,08/04/2017,PL 265031B,25-44,M,BLACK,40.82350652900004,-73.86407844599995,10473
437254,05/02/2018,PL 1552500,18-24,M,BLACK,40.58388190200003,-73.82303436399997,11694
199102,04/13/2017,PL 1702500,45-64,M,BLACK,40.71552621300003,-74.00123874799993,10013
3321,12/25/2017,PL 1200001,45-64,M,WHITE HISPANIC,40.75394378900006,-73.85936937899999,11368
41734,11/02/2017,PL 240503A,45-64,F,WHITE HISPANIC,40.65799306600008,-74.00069344599996,11232
264904,01/24/2017,PL 1200001,25-44,M,BLACK,40.67528442900005,-73.927726067,11213
209491,04/01/2017,PL 1552500,18-24,M,WHITE HISPANIC,40.82305625200007,-73.94242273799993,10039
11286,12/12/2017,PL 1601001,18-24,M,WHITE HISPANIC,40.693840015000035,-73.90960683099996,11221
64024,10/05/2017,PL 2211001,18-24,F,BLACK,40.84546807700008,-73.88807979499995,10457
12819,12/10/2017,PL 1201001,45-64,M,ASIAN / PACIFIC ISLANDER,40.67354674400008,-73.80637554099997,11420
503978,01/31/2018,PL 1201001,18-24,M,BLACK,40.65630226800005,-73.95643519599997,11225
172490,05/16/2017,PL 1200001,45-64,F,BLACK,40.81087724100007,-73.94106415099995,10037
226882,03/09/2017,PL 1200001,25-44,M,BLACK,40.84300801500007,-73.85311284199997,10461
275568,01/11/2017,PL 2200300,45-64,M,WHITE HISPANIC,40.79460469900005,-73.94878566499993,10029
208473,04/03/2017,PL 1552500,45-64,F,BLACK,40.76719280100008,-73.96247093999993,10021
148037,06/16/2017,PL 2212500,18-24,F,WHITE HISPANIC,40.81537911400005,-73.90487890699995,10455
223529,03/14/2017,PL 1552500,25-44,F,WHITE HISPANIC,40.837502552000046,-73.88769566599996,10460
8474,12/17/2017,PL 2053000,25-44,M,BLACK,40.804694598000026,-73.93815825199994,10035
286263,12/25/2018,PL 13052A1,18-24,M,WHITE HISPANIC,40.86905853200005,-73.87963014799993,10467
468572,03/20/2018,PL 1200001,25-44,F,WHITE HISPANIC,40.85340834100003,-73.86484873899997,10462
261826,01/27/2017,VTL0511001,25-44,M,WHITE HISPANIC,40.88570140600008,-73.86164032499995,10467
338258,09/29/2018,PL 1201401,18-24,M,BLACK,40.63276100000007,-73.88840048899993,11236
518634,01/13/2018,VTL11920U2,25-44,M,WHITE,40.74372309800003,-73.99963334799997,10011
257484,02/01/2017,VTL11920U2,25-44,M,BLACK,40.63595077400004,-73.95225820199995,11210
31922,11/14/2017,PL 2155100,45-64,F,BLACK,40.60274595100003,-73.75007786499998,11691
199403,04/13/2017,VTL06002AB,45-64,F,ASIAN / PACIFIC ISLANDER,40.76015718700007,-73.76742395499997,11361
42571,11/01/2017,VTL11920U2,18-24,M,WHITE,40.58977329900005,-74.07645085999997,10305
201699,04/10/2017,PL 1552500,25-44,M,WHITE,40.836016182000044,-73.86112929999997,10462
4194,12/23/2017,PL 1601001,<18,M,WHITE HISPANIC,40.81300852900005,-73.95654576899994,10027
343222,09/20/2018,VTL0511002,18-24,M,ASIAN / PACIFIC ISLANDER,40.74177568400006,-73.95292216199994,11101
166977,05/23/2017,PL 2200300,18-24,F,WHITE,40.759450567000044,-73.933576266,11101
79775,09/14/2017,PL 1651503,45-64,M,BLACK,40.74642524500007,-73.98183391399994,10016
269113,01/19/2017,PL 1553004,25-44,M,WHITE HISPANIC,40.645022746000045,-74.077216847,10301
167629,05/22/2017,PL 1200507,25-44,M,BLACK,40.804012949000025,-73.87833183299993,10474
178092,05/09/2017,PL 2200300,25-44,M,WHITE HISPANIC,40.71665752300004,-73.94473677999997,11211
389834,07/13/2018,PL 1553001,25-44,M,WHITE,40.51158633800003,-74.24930372699998,10307
27222,11/20/2017,PL 1553501,25-44,F,BLACK,40.71552621300003,-74.00123874799993,10013
149237,06/15/2017,PL 1552500,25-44,M,WHITE HISPANIC,40.87367103500002,-73.90801364899994,10463
373521,08/06/2018,PL 1552500,45-64,M,BLACK HISPANIC,40.89919838400005,-73.85823008599993,10466
294689,12/10/2018,PL 1552500,45-64,F,BLACK HISPANIC,40.623226819000074,-74.14922697299994,10314
334563,10/05/2018,PL 215510B,25-44,F,BLACK,40.702224469000036,-73.93241786699997,11206
95288,08/24/2017,PL 1553501,45-64,F,ASIAN / PACIFIC ISLANDER,40.71748323400004,-73.99986436599994,10013
427520,05/16/2018,PL 2200300,45-64,M,WHITE,40.83434756500003,-73.87319182999995,10472
275847,01/11/2017,PL 1654505,25-44,F,WHITE HISPANIC,40.852317179000075,-73.89810633199994,10457
331661,10/10/2018,PL 1211100,25-44,M,WHITE HISPANIC,40.863197281000055,-73.86598574399994,10467
352086,09/07/2018,LOC000000V,25-44,M,BLACK HISPANIC,40.680465388000066,-73.84365335199995,11417
340077,09/26/2018,PL 1552500,<18,M,BLACK,40.795581553000034,-73.93229781499997,10035
366235,08/16/2018,PL 2650201,25-44,M,BLACK,40.593768616000034,-73.78441919999993,11692
518260,01/14/2018,PL 2650201,25-44,M,BLACK HISPANIC,40.70671130300008,-73.93570994799995,11206
514202,01/19/2018,VTL0511003,25-44,M,BLACK,40.86947047700004,-73.87986080399995,10467
113355,08/01/2017,PL 1601001,18-24,M,BLACK,40.645022746000045,-74.077216847,10301
35851,11/09/2017,PL 1552500,45-64,M,BLACK HISPANIC,40.645009920000064,-74.00863538199997,11220
263061,01/26/2017,PL 1552500,25-44,F,BLACK,40.75215281700008,-73.977735823,10017
286713,12/24/2018,LOC00000V0,25-44,M,WHITE HISPANIC,40.71406010100003,-73.99020064699994,10002
88085,09/03/2017,VTL11920U2,25-44,M,BLACK,40.72614088700004,-73.75656749799998,11427
239764,02/23/2017,PL 1552500,<18,M,BLACK,40.76690500600006,-73.96373101899997,10065
79015,09/15/2017,VTL0511001,25-44,M,WHITE HISPANIC,40.81813900000003,-73.89100159099996,10474
90360,08/31/2017,PL 1200001,45-64,M,WHITE HISPANIC,40.762562072000044,-73.82512623199995,11354
134068,07/05/2017,PL 2211001,25-44,F,BLACK,40.65267673200003,-73.89673542399998,11236
260186,01/29/2017,PL 1552500,<18,F,BLACK HISPANIC,40.750430768000044,-73.98928217599996,10001
304972,11/23/2018,PL 1552500,25-44,M,ASIAN / PACIFIC ISLANDER,40.69843969400005,-73.83112953899997,11418
171943,05/16/2017,PL 1200001,65+,M,WHITE,40.714400983000075,-73.83523020999998,11375
520965,01/11/2018,PL 2203901,45-64,M,UNKNOWN,40.725217891000064,-73.99584884999997,10012
464214,03/26/2018,VTL0511001,45-64,M,ASIAN / PACIFIC ISLANDER,40.830633954000064,-73.90450658699997,10456
336326,10/03/2018,PL 1200500,25-44,M,BLACK,40.73555988900005,-73.99146402799995,10003
462690,03/28/2018,PL 1657100,25-44,F,ASIAN / PACIFIC ISLANDER,40.713588346000044,-73.99594335999996,10002
194922,04/18/2017,PL 1200001,45-64,M,ASIAN / PACIFIC ISLANDER,40.70985026700004,-73.76698268399997,11423
348929,09/12/2018,PL 1450001,25-44,M,WHITE HISPANIC,40.851111636000034,-73.93525591199995,10033
210538,03/31/2017,PL 1552500,18-24,F,BLACK,40.631257160000075,-73.94599639799998,11210
6111,12/20/2017,PL 1552500,25-44,M,WHITE HISPANIC,40.73736895500008,-73.99684042399997,10011
151198,06/12/2017,PL 1702500,18-24,M,BLACK,40.62951608400005,-73.94415685499997,11210
212908,03/28/2017,PL 1600500,18-24,M,ASIAN / PACIFIC ISLANDER,40.68239828900005,-73.84007936899997,11417
51613,10/20/2017,PL 2211001,18-24,M,WHITE HISPANIC,40.80437740100007,-73.93532665299993,10035
343742,09/20/2018,PL 2650201,25-44,M,BLACK HISPANIC,40.65484872300004,-73.95969777699997,11226
194368,04/19/2017,PL 1200002,45-64,F,BLACK HISPANIC,40.80628210200007,-73.91409943999997,10454
250198,02/10/2017,PL 1552500,25-44,M,UNKNOWN,40.82229848500003,-73.91169413099993,10451
172892,05/15/2017,PL 1200001,25-44,M,BLACK,40.64886713300007,-73.95082189999994,11226
461740,03/29/2018,VTL0511001,45-64,F,WHITE,40.55904058400005,-74.17021244799997,10312
227723,03/09/2017,PL 2211001,18-24,M,BLACK,40.82070620500008,-73.85021386099999,10473
289398,12/19/2018,TAX18140B3,25-44,M,ASIAN / PACIFIC ISLANDER,40.53248569700002,-74.19206031,10312
26890,11/21/2017,PL 2211001,<18,M,BLACK,40.59211702600004,-73.98436031899995,11223
96425,08/22/2017,PL 1701501,18-24,M,WHITE,40.69984758600003,-73.90868264899994,11385
282184,01/03/2017,PL 1306701,25-44,M,WHITE HISPANIC,40.63902167200007,-74.022463524,11220
41076,11/02/2017,PL 1200001,25-44,F,ASIAN / PACIFIC ISLANDER,40.753764217000025,-73.82632598299993,11355
205705,04/05/2017,PL 2200300,45-64,F,BLACK,40.658689544000026,-73.91953002599996,11212
241021,02/21/2017,PL 2203901,<18,M,WHITE HISPANIC,40.722899606000055,-73.97972982599998,10009
168802,05/20/2017,VTL11920U4,25-44,M,BLACK,40.83613777500005,-73.88986265599993,10460
296554,12/07/2018,PL 2155003,<18,F,BLACK,40.81425265700005,-73.93017264999997,10451
34931,11/10/2017,PL 1552500,25-44,F,BLACK,40.77423777900003,-73.98210072399995,10023
482333,03/01/2018,PL 1907901,25-44,F,WHITE,40.75679820100004,-73.97111078699999,10022
139085,06/28/2017,PL 21551B4,45-64,M,WHITE,40.737082284000046,-73.98296229999994,10010
21953,11/28/2017,PL 160102A,<18,M,BLACK,40.64870676900005,-73.90513094099998,11236
501593,02/03/2018,PL 2211001,25-44,F,BLACK,40.808680501000026,-73.95761784699994,10027
151129,06/12/2017,PL 1200001,<18,M,WHITE HISPANIC,40.70451983100002,-73.89347040299998,11385
447335,04/19/2018,PL 2212500,18-24,M,ASIAN / PACIFIC ISLANDER,40.67430501600006,-74.00787129699995,11231
243811,02/17/2017,PL 21551B4,18-24,M,BLACK,40.859975404000075,-73.905133257,10468
140103,06/27/2017,PL 2211001,25-44,M,BLACK,40.75416455100003,-73.94465152299993,11101
320227,10/28/2018,PL 1202500,25-44,M,WHITE,40.534829778000066,-74.20009317899995,10309
275204,01/12/2017,PL 2211001,18-24,M,BLACK,40.67998073800004,-73.77623390699993,11434
480495,03/03/2018,PL 1450001,25-44,M,WHITE HISPANIC,40.85882274800008,-73.86177577299998,10469
94124,08/25/2017,PL 215510B,25-44,M,BLACK,40.63068215900006,-73.97355396999995,11230
52995,10/18/2017,PL 1950500,18-24,M,BLACK,40.804012949000025,-73.87833183299993,10474
90746,08/30/2017,PL 2154002,25-44,M,BLACK,40.609018740000074,-74.11957252999997,10314
287946,12/21/2018,PL 1200001,18-24,F,BLACK HISPANIC,40.675638295000056,-73.88388360699997,11208
120603,07/22/2017,PL 2200300,45-64,M,BLACK,40.67803628700005,-73.78134910699998,11434
21652,11/29/2017,PL 1552500,45-64,M,BLACK,40.688442561000045,-73.78764323099993,11433
134355,07/04/2017,AC 010125B,25-44,M,BLACK,40.677843135000046,-74.00616642899995,11231
140019,06/27/2017,PL 2650101,25-44,M,BLACK HISPANIC,40.817832761000034,-73.91526592899999,10455
74419,09/21/2017,PL 1552500,25-44,M,WHITE HISPANIC,40.83778161800007,-73.91945797099999,10452
202917,04/09/2017,PL 1450001,18-24,M,WHITE,40.74283378800004,-73.99842802399995,10011
385721,07/19/2018,PL 1401500,<18,M,BLACK,40.825075277000046,-73.94028556999997,10039
419722,05/28/2018,PL 1552500,25-44,F,BLACK,40.631257160000075,-73.94599639799998,11210
408775,06/13/2018,PL 13052A1,18-24,M,BLACK,40.716195914000025,-73.99749074599998,10013
171480,05/17/2017,PL 2155100,18-24,M,WHITE HISPANIC,40.822649427000044,-73.95321180799993,10031
296071,12/07/2018,PL 1200000,25-44,F,BLACK HISPANIC,40.85358740100002,-73.90059135599995,10457
120339,07/23/2017,VTL11920U2,25-44,M,BLACK,40.88846199300008,-73.84195621299993,10466
105436,08/10/2017,VTL11920E2,45-64,M,BLACK,40.69145835300003,-73.79791433399998,11433
467139,03/22/2018,PL 2201601,25-44,M,BLACK,40.67257395100006,-73.91017639799998,11212
145879,06/19/2017,PL 1552500,25-44,M,BLACK,40.75127532000005,-73.98250029899998,10018
133867,07/05/2017,PL 13052A1,25-44,M,BLACK,40.67458330800008,-73.93022154099998,11213
429132,05/14/2018,PL 2155003,45-64,M,BLACK,40.80855767700007,-73.95235475399994,10027
405054,06/19/2018,PL 1553008,25-44,M,BLACK,40.680048726000045,-73.77590919399995,11434
7990,12/17/2017,VTL0511001,25-44,M,BLACK,40.83073286900003,-73.82321617499997,10465
198060,04/14/2017,PL 2155100,45-64,M,WHITE HISPANIC,40.64105477200008,-74.00737012199994,11220
30141,11/16/2017,PL 2200300,18-24,M,BLACK,40.790746414000076,-73.95063404199995,10029
197488,04/15/2017,PL 1200502,25-44,F,BLACK,40.64465170600005,-73.92620615399994,11203
457923,04/04/2018,PL 1401501,25-44,M,WHITE HISPANIC,40.711584739000045,-73.99917181899998,10038
525768,01/03/2018,PL 160102A,25-44,M,BLACK,40.67141166300007,-73.88151172399995,11208
68068,09/30/2017,VTL0511001,65+,M,BLACK,40.90652033500004,-73.84889536299994,10470
464877,03/25/2018,PL 1451000,25-44,M,WHITE HISPANIC,40.65325938700005,-73.95939240299998,11226
93187,08/27/2017,PL 2650101,18-24,M,BLACK,40.703032823000065,-73.92576644299999,11237
411961,06/08/2018,PL 2214000,25-44,M,BLACK,40.729082038000044,-73.98878770099995,10003
169799,05/18/2017,PL 1200001,<18,F,BLACK,40.707447364000075,-73.79214176799998,11432
302036,11/28/2018,PL 2204101,45-64,M,BLACK,40.71567057300007,-73.98394174399994,10002
126984,07/14/2017,PL 1651503,18-24,M,BLACK,40.79863330000006,-73.94162037099994,10029
416396,06/02/2018,PL 1200001,18-24,F,BLACK,40.88144422400006,-73.83828788299998,10466
491492,02/16/2018,PL 1200502,45-64,M,BLACK,40.810398494000026,-73.92489531099994,10454
433003,05/08/2018,PL 1201401,25-44,F,WHITE HISPANIC,40.74296235400004,-73.95527424799997,11101
355649,09/01/2018,PL 1200001,18-24,M,WHITE,40.767890644000026,-73.92055332799998,11102
280828,01/05/2017,PL 2154002,25-44,M,BLACK,40.66990008700003,-73.93379882299999,11213
443958,04/24/2018,VTL0511001,25-44,M,WHITE HISPANIC,40.723636973000055,-73.99829859799998,10012
502577,02/02/2018,PL 2214000,25-44,M,BLACK HISPANIC,40.87870349700007,-73.87207301499996,10467
37545,11/07/2017,PL 1202500,18-24,M,BLACK,40.76956124200007,-73.91536344699995,11103
174976,05/12/2017,VTL051101A,25-44,M,WHITE HISPANIC,40.68669315300008,-73.85399803599995,
494108,02/13/2018,PL 1651503,18-24,M,BLACK,40.67928439700007,-73.92905930999996,11233
431596,05/10/2018,PL 2203901,45-64,M,BLACK,40.63578141700003,-74.13129776199997,10302
189911,04/24/2017,PL 1450502,25-44,M,BLACK,40.72299164200007,-73.99135018999993,10002
515563,01/17/2018,PL 1654505,18-24,M,BLACK,40.67949140400003,-73.76618742199997,11434
506941,01/27/2018,VTL051101A,18-24,M,WHITE HISPANIC,40.679838697000044,-74.00352748899995,11231
355020,09/02/2018,PL 1200001,25-44,F,WHITE HISPANIC,40.831099860000045,-73.88023362599995,10472
390574,07/12/2018,PL 1200001,25-44,M,WHITE HISPANIC,40.82229848500003,-73.91169413099993,10451
521616,01/10/2018,PL 2200300,25-44,M,BLACK,40.647128347000034,-74.08818142299998,10301
457649,04/04/2018,PL 1552500,25-44,M,WHITE HISPANIC,40.71928892900007,-73.99092859399997,10002
285365,12/27/2018,PL 265031B,25-44,F,WHITE HISPANIC,40.66705235800004,-73.87322871599997,11208
68806,09/29/2017,PL 1600500,<18,M,BLACK,40.71539827500004,-73.76069380299998,11423
248461,02/12/2017,VTL11920U2,25-44,F,WHITE HISPANIC,40.758558657000044,-73.92485630199997,11106
451553,04/12/2018,PL 1651503,25-44,M,BLACK,40.879757004000055,-73.88466262099996,10467
